<?xml version="1.0" encoding="UTF-8"?>
<GenRun Id="synth_1" LaunchPart="xc7z020clg400-1" LaunchTime="1655819559">
  <File Type="PA-TCL" Name="top.tcl"/>
  <File Type="REPORTS-TCL" Name="top_reports.tcl"/>
  <File Type="RDS-RDS" Name="top.vds"/>
  <File Type="RDS-UTIL" Name="top_utilization_synth.rpt"/>
  <File Type="RDS-UTIL-PB" Name="top_utilization_synth.pb"/>
  <File Type="RDS-DCP" Name="top.dcp"/>
  <FileSet Name="sources" Type="DesignSrcs" RelSrcDir="$PSRCDIR/sources_1">
    <Filter Type="Srcs"/>
    <File Path="$PSRCDIR/sources_1/new/myPrescaler.v">
      <FileInfo>
        <Attr Name="ImportPath" Val="D:/Xilinx/finalproject_4/finalproject_4.srcs/sources_1/new/myPrescaler.v"/>
        <Attr Name="ImportTime" Val="1598428888"/>
        <Attr Name="UsedIn" Val="synthesis"/>
        <Attr Name="UsedIn" Val="implementation"/>
        <Attr Name="UsedIn" Val="simulation"/>
      </FileInfo>
    </File>
    <File Path="$PSRCDIR/sources_1/new/myI2STx_v1_0.v">
      <FileInfo>
        <Attr Name="ImportPath" Val="D:/Xilinx/finalproject_4/finalproject_4.srcs/sources_1/new/myI2STx_v1_0.v"/>
        <Attr Name="ImportTime" Val="1514627388"/>
        <Attr Name="UsedIn" Val="synthesis"/>
        <Attr Name="UsedIn" Val="implementation"/>
        <Attr Name="UsedIn" Val="simulation"/>
      </FileInfo>
    </File>
    <File Path="$PSRCDIR/sources_1/new/mySPIRxTx_v1_0.v">
      <FileInfo>
        <Attr Name="ImportPath" Val="D:/Xilinx/finalproject_4/finalproject_4.srcs/sources_1/new/mySPIRxTx_v1_0.v"/>
        <Attr Name="ImportTime" Val="1514599348"/>
        <Attr Name="UsedIn" Val="synthesis"/>
        <Attr Name="UsedIn" Val="implementation"/>
        <Attr Name="UsedIn" Val="simulation"/>
      </FileInfo>
    </File>
    <File Path="$PSRCDIR/sources_1/bd/design_1/design_1.bd">
      <FileInfo>
        <Attr Name="ImportPath" Val="D:/Xilinx/finalproject_4/finalproject_4.srcs/sources_1/bd/design_1/design_1.bd"/>
        <Attr Name="ImportTime" Val="1655733124"/>
        <Attr Name="UsedIn" Val="synthesis"/>
        <Attr Name="UsedIn" Val="implementation"/>
        <Attr Name="UsedIn" Val="simulation"/>
      </FileInfo>
    </File>
    <File Path="$PSRCDIR/sources_1/new/HDMI_TOP.v">
      <FileInfo>
        <Attr Name="ImportPath" Val="D:/Xilinx/finalproject_4/finalproject_4.srcs/sources_1/new/HDMI_TOP.v"/>
        <Attr Name="ImportTime" Val="1655733360"/>
        <Attr Name="UsedIn" Val="synthesis"/>
        <Attr Name="UsedIn" Val="implementation"/>
        <Attr Name="UsedIn" Val="simulation"/>
      </FileInfo>
    </File>
    <File Path="$PSRCDIR/sources_1/new/async_reset.v">
      <FileInfo>
        <Attr Name="ImportPath" Val="D:/Xilinx/finalproject_4/finalproject_4.srcs/sources_1/new/async_reset.v"/>
        <Attr Name="ImportTime" Val="1655390488"/>
        <Attr Name="UsedIn" Val="synthesis"/>
        <Attr Name="UsedIn" Val="implementation"/>
        <Attr Name="UsedIn" Val="simulation"/>
      </FileInfo>
    </File>
    <File Path="$PSRCDIR/sources_1/bd/design_1/hdl/design_1_wrapper.v">
      <FileInfo>
        <Attr Name="ImportPath" Val="D:/Xilinx/finalproject_4/finalproject_4.srcs/sources_1/bd/design_1/hdl/design_1_wrapper.v"/>
        <Attr Name="ImportTime" Val="1655733124"/>
        <Attr Name="UsedIn" Val="synthesis"/>
        <Attr Name="UsedIn" Val="implementation"/>
        <Attr Name="UsedIn" Val="simulation"/>
      </FileInfo>
    </File>
    <File Path="$PSRCDIR/sources_1/new/display_clocks.v">
      <FileInfo>
        <Attr Name="ImportPath" Val="D:/Xilinx/finalproject_4/finalproject_4.srcs/sources_1/new/display_clocks.v"/>
        <Attr Name="ImportTime" Val="1655390410"/>
        <Attr Name="UsedIn" Val="synthesis"/>
        <Attr Name="UsedIn" Val="implementation"/>
        <Attr Name="UsedIn" Val="simulation"/>
      </FileInfo>
    </File>
    <File Path="$PSRCDIR/sources_1/new/display_timings.v">
      <FileInfo>
        <Attr Name="ImportPath" Val="D:/Xilinx/finalproject_4/finalproject_4.srcs/sources_1/new/display_timings.v"/>
        <Attr Name="ImportTime" Val="1655390414"/>
        <Attr Name="UsedIn" Val="synthesis"/>
        <Attr Name="UsedIn" Val="implementation"/>
        <Attr Name="UsedIn" Val="simulation"/>
      </FileInfo>
    </File>
    <File Path="$PSRCDIR/sources_1/new/dvi_generator.v">
      <FileInfo>
        <Attr Name="ImportPath" Val="D:/Xilinx/finalproject_4/finalproject_4.srcs/sources_1/new/dvi_generator.v"/>
        <Attr Name="ImportTime" Val="1655390461"/>
        <Attr Name="UsedIn" Val="synthesis"/>
        <Attr Name="UsedIn" Val="implementation"/>
        <Attr Name="UsedIn" Val="simulation"/>
      </FileInfo>
    </File>
    <File Path="$PSRCDIR/sources_1/new/gfx_inst.v">
      <FileInfo>
        <Attr Name="ImportPath" Val="D:/Xilinx/finalproject_4/finalproject_4.srcs/sources_1/new/gfx_inst.v"/>
        <Attr Name="ImportTime" Val="1655821141"/>
        <Attr Name="UsedIn" Val="synthesis"/>
        <Attr Name="UsedIn" Val="implementation"/>
        <Attr Name="UsedIn" Val="simulation"/>
      </FileInfo>
    </File>
    <File Path="$PSRCDIR/sources_1/new/numberdisplay.v">
      <FileInfo>
        <Attr Name="ImportPath" Val="D:/Xilinx/finalproject_4/finalproject_4.srcs/sources_1/new/numberdisplay.v"/>
        <Attr Name="ImportTime" Val="1655816869"/>
        <Attr Name="UsedIn" Val="synthesis"/>
        <Attr Name="UsedIn" Val="implementation"/>
        <Attr Name="UsedIn" Val="simulation"/>
      </FileInfo>
    </File>
    <File Path="$PSRCDIR/sources_1/new/serializer_10to1.v">
      <FileInfo>
        <Attr Name="ImportPath" Val="D:/Xilinx/finalproject_4/finalproject_4.srcs/sources_1/new/serializer_10to1.v"/>
        <Attr Name="ImportTime" Val="1655390494"/>
        <Attr Name="UsedIn" Val="synthesis"/>
        <Attr Name="UsedIn" Val="implementation"/>
        <Attr Name="UsedIn" Val="simulation"/>
      </FileInfo>
    </File>
    <File Path="$PSRCDIR/sources_1/new/tmds_encoder_dvi.v">
      <FileInfo>
        <Attr Name="ImportPath" Val="D:/Xilinx/finalproject_4/finalproject_4.srcs/sources_1/new/tmds_encoder_dvi.v"/>
        <Attr Name="ImportTime" Val="1655390476"/>
        <Attr Name="UsedIn" Val="synthesis"/>
        <Attr Name="UsedIn" Val="implementation"/>
        <Attr Name="UsedIn" Val="simulation"/>
      </FileInfo>
    </File>
    <File Path="$PSRCDIR/sources_1/new/enemy_projectile.sv">
      <FileInfo>
        <Attr Name="ImportPath" Val="D:/Xilinx/finalproject_4/finalproject_4.srcs/sources_1/new/enemy_projectile.sv"/>
        <Attr Name="ImportTime" Val="1655812524"/>
        <Attr Name="UsedIn" Val="synthesis"/>
        <Attr Name="UsedIn" Val="implementation"/>
        <Attr Name="UsedIn" Val="simulation"/>
      </FileInfo>
    </File>
    <File Path="$PSRCDIR/sources_1/new/level_3_enemy.sv">
      <FileInfo>
        <Attr Name="ImportPath" Val="D:/Xilinx/finalproject_4/finalproject_4.srcs/sources_1/new/level_3_enemy.sv"/>
        <Attr Name="ImportTime" Val="1655817518"/>
        <Attr Name="UsedIn" Val="synthesis"/>
        <Attr Name="UsedIn" Val="implementation"/>
        <Attr Name="UsedIn" Val="simulation"/>
      </FileInfo>
    </File>
    <File Path="$PSRCDIR/sources_1/new/level_3_projectile.sv">
      <FileInfo>
        <Attr Name="ImportPath" Val="D:/Xilinx/finalproject_4/finalproject_4.srcs/sources_1/new/level_3_projectile.sv"/>
        <Attr Name="ImportTime" Val="1655785087"/>
        <Attr Name="UsedIn" Val="synthesis"/>
        <Attr Name="UsedIn" Val="implementation"/>
        <Attr Name="UsedIn" Val="simulation"/>
      </FileInfo>
    </File>
    <File Path="$PSRCDIR/sources_1/new/life_word.v">
      <FileInfo SFType="SVerilog">
        <Attr Name="ImportPath" Val="D:/Xilinx/finalproject_4/finalproject_4.srcs/sources_1/new/life_word.v"/>
        <Attr Name="ImportTime" Val="1655820869"/>
        <Attr Name="UsedIn" Val="synthesis"/>
        <Attr Name="UsedIn" Val="implementation"/>
        <Attr Name="UsedIn" Val="simulation"/>
      </FileInfo>
    </File>
    <File Path="$PSRCDIR/sources_1/new/number1.sv">
      <FileInfo>
        <Attr Name="ImportPath" Val="D:/Xilinx/finalproject_4/finalproject_4.srcs/sources_1/new/number1.sv"/>
        <Attr Name="ImportTime" Val="1655631717"/>
        <Attr Name="UsedIn" Val="synthesis"/>
        <Attr Name="UsedIn" Val="implementation"/>
        <Attr Name="UsedIn" Val="simulation"/>
      </FileInfo>
    </File>
    <File Path="$PSRCDIR/sources_1/new/number2.sv">
      <FileInfo>
        <Attr Name="ImportPath" Val="D:/Xilinx/finalproject_4/finalproject_4.srcs/sources_1/new/number2.sv"/>
        <Attr Name="ImportTime" Val="1655631722"/>
        <Attr Name="UsedIn" Val="synthesis"/>
        <Attr Name="UsedIn" Val="implementation"/>
        <Attr Name="UsedIn" Val="simulation"/>
      </FileInfo>
    </File>
    <File Path="$PSRCDIR/sources_1/new/number3.sv">
      <FileInfo>
        <Attr Name="ImportPath" Val="D:/Xilinx/finalproject_4/finalproject_4.srcs/sources_1/new/number3.sv"/>
        <Attr Name="ImportTime" Val="1655631727"/>
        <Attr Name="UsedIn" Val="synthesis"/>
        <Attr Name="UsedIn" Val="implementation"/>
        <Attr Name="UsedIn" Val="simulation"/>
      </FileInfo>
    </File>
    <File Path="$PSRCDIR/sources_1/new/number4.sv">
      <FileInfo>
        <Attr Name="ImportPath" Val="D:/Xilinx/finalproject_4/finalproject_4.srcs/sources_1/new/number4.sv"/>
        <Attr Name="ImportTime" Val="1655631733"/>
        <Attr Name="UsedIn" Val="synthesis"/>
        <Attr Name="UsedIn" Val="implementation"/>
        <Attr Name="UsedIn" Val="simulation"/>
      </FileInfo>
    </File>
    <File Path="$PSRCDIR/sources_1/new/number5.sv">
      <FileInfo>
        <Attr Name="ImportPath" Val="D:/Xilinx/finalproject_4/finalproject_4.srcs/sources_1/new/number5.sv"/>
        <Attr Name="ImportTime" Val="1655631741"/>
        <Attr Name="UsedIn" Val="synthesis"/>
        <Attr Name="UsedIn" Val="implementation"/>
        <Attr Name="UsedIn" Val="simulation"/>
      </FileInfo>
    </File>
    <File Path="$PSRCDIR/sources_1/new/number6.sv">
      <FileInfo>
        <Attr Name="ImportPath" Val="D:/Xilinx/finalproject_4/finalproject_4.srcs/sources_1/new/number6.sv"/>
        <Attr Name="ImportTime" Val="1655631746"/>
        <Attr Name="UsedIn" Val="synthesis"/>
        <Attr Name="UsedIn" Val="implementation"/>
        <Attr Name="UsedIn" Val="simulation"/>
      </FileInfo>
    </File>
    <File Path="$PSRCDIR/sources_1/new/number7.sv">
      <FileInfo>
        <Attr Name="ImportPath" Val="D:/Xilinx/finalproject_4/finalproject_4.srcs/sources_1/new/number7.sv"/>
        <Attr Name="ImportTime" Val="1655631752"/>
        <Attr Name="UsedIn" Val="synthesis"/>
        <Attr Name="UsedIn" Val="implementation"/>
        <Attr Name="UsedIn" Val="simulation"/>
      </FileInfo>
    </File>
    <File Path="$PSRCDIR/sources_1/new/number8.sv">
      <FileInfo>
        <Attr Name="ImportPath" Val="D:/Xilinx/finalproject_4/finalproject_4.srcs/sources_1/new/number8.sv"/>
        <Attr Name="ImportTime" Val="1655631757"/>
        <Attr Name="UsedIn" Val="synthesis"/>
        <Attr Name="UsedIn" Val="implementation"/>
        <Attr Name="UsedIn" Val="simulation"/>
      </FileInfo>
    </File>
    <File Path="$PSRCDIR/sources_1/new/number_0.sv">
      <FileInfo>
        <Attr Name="ImportPath" Val="D:/Xilinx/finalproject_4/finalproject_4.srcs/sources_1/new/number_0.sv"/>
        <Attr Name="ImportTime" Val="1655777482"/>
        <Attr Name="UsedIn" Val="synthesis"/>
        <Attr Name="UsedIn" Val="implementation"/>
        <Attr Name="UsedIn" Val="simulation"/>
      </FileInfo>
    </File>
    <File Path="$PSRCDIR/sources_1/new/projectile.sv">
      <FileInfo>
        <Attr Name="ImportPath" Val="D:/Xilinx/finalproject_4/finalproject_4.srcs/sources_1/new/projectile.sv"/>
        <Attr Name="ImportTime" Val="1655820740"/>
        <Attr Name="UsedIn" Val="synthesis"/>
        <Attr Name="UsedIn" Val="implementation"/>
        <Attr Name="UsedIn" Val="simulation"/>
      </FileInfo>
    </File>
    <File Path="$PSRCDIR/sources_1/new/score_word.sv">
      <FileInfo>
        <Attr Name="ImportPath" Val="D:/Xilinx/finalproject_4/finalproject_4.srcs/sources_1/new/score_word.sv"/>
        <Attr Name="ImportTime" Val="1655617889"/>
        <Attr Name="UsedIn" Val="synthesis"/>
        <Attr Name="UsedIn" Val="implementation"/>
        <Attr Name="UsedIn" Val="simulation"/>
      </FileInfo>
    </File>
    <File Path="$PSRCDIR/sources_1/new/sprite_compositor.v">
      <FileInfo SFType="SVerilog">
        <Attr Name="ImportPath" Val="D:/Xilinx/finalproject_4/finalproject_4.srcs/sources_1/new/sprite_compositor.v"/>
        <Attr Name="ImportTime" Val="1655820713"/>
        <Attr Name="UsedIn" Val="synthesis"/>
        <Attr Name="UsedIn" Val="implementation"/>
        <Attr Name="UsedIn" Val="simulation"/>
      </FileInfo>
    </File>
    <File Path="$PSRCDIR/sources_1/new/sprite_compositor_2.v">
      <FileInfo SFType="SVerilog">
        <Attr Name="ImportPath" Val="D:/Xilinx/finalproject_4/finalproject_4.srcs/sources_1/new/sprite_compositor_2.v"/>
        <Attr Name="ImportTime" Val="1655820800"/>
        <Attr Name="UsedIn" Val="synthesis"/>
        <Attr Name="UsedIn" Val="implementation"/>
        <Attr Name="UsedIn" Val="simulation"/>
      </FileInfo>
    </File>
    <File Path="$PSRCDIR/sources_1/new/stageclear.sv">
      <FileInfo>
        <Attr Name="ImportPath" Val="D:/Xilinx/finalproject_4/finalproject_4.srcs/sources_1/new/stageclear.sv"/>
        <Attr Name="ImportTime" Val="1655820859"/>
        <Attr Name="UsedIn" Val="synthesis"/>
        <Attr Name="UsedIn" Val="implementation"/>
        <Attr Name="UsedIn" Val="simulation"/>
      </FileInfo>
    </File>
    <File Path="$PSRCDIR/sources_1/new/studentid.sv">
      <FileInfo>
        <Attr Name="ImportPath" Val="D:/Xilinx/finalproject_4/finalproject_4.srcs/sources_1/new/studentid.sv"/>
        <Attr Name="ImportTime" Val="1655617903"/>
        <Attr Name="UsedIn" Val="synthesis"/>
        <Attr Name="UsedIn" Val="implementation"/>
        <Attr Name="UsedIn" Val="simulation"/>
      </FileInfo>
    </File>
    <File Path="$PSRCDIR/sources_1/new/top.v">
      <FileInfo>
        <Attr Name="ImportPath" Val="D:/Xilinx/finalproject_4/finalproject_4.srcs/sources_1/new/top.v"/>
        <Attr Name="ImportTime" Val="1655731640"/>
        <Attr Name="UsedIn" Val="synthesis"/>
        <Attr Name="UsedIn" Val="implementation"/>
        <Attr Name="UsedIn" Val="simulation"/>
      </FileInfo>
    </File>
    <File Path="$PSRCDIR/sources_1/new/number9.sv">
      <FileInfo>
        <Attr Name="AutoDisabled" Val="1"/>
        <Attr Name="ImportPath" Val="D:/Xilinx/finalproject_4/finalproject_4.srcs/sources_1/new/number9.sv"/>
        <Attr Name="ImportTime" Val="1655631765"/>
        <Attr Name="UsedIn" Val="synthesis"/>
        <Attr Name="UsedIn" Val="implementation"/>
        <Attr Name="UsedIn" Val="simulation"/>
      </FileInfo>
    </File>
    <File Path="$PSRCDIR/sources_1/new/AHB_Mul.v">
      <FileInfo>
        <Attr Name="AutoDisabled" Val="1"/>
        <Attr Name="ImportPath" Val="D:/Xilinx/finalproject_4/finalproject_4.srcs/sources_1/new/AHB_Mul.v"/>
        <Attr Name="ImportTime" Val="1655733113"/>
        <Attr Name="UsedIn" Val="synthesis"/>
        <Attr Name="UsedIn" Val="implementation"/>
        <Attr Name="UsedIn" Val="simulation"/>
      </FileInfo>
    </File>
    <File Path="$PSRCDIR/sources_1/new/enemy_2.v">
      <FileInfo>
        <Attr Name="AutoDisabled" Val="1"/>
        <Attr Name="ImportPath" Val="D:/Xilinx/finalproject_4/finalproject_4.srcs/sources_1/new/enemy_2.v"/>
        <Attr Name="ImportTime" Val="1654609195"/>
        <Attr Name="UsedIn" Val="synthesis"/>
        <Attr Name="UsedIn" Val="implementation"/>
        <Attr Name="UsedIn" Val="simulation"/>
      </FileInfo>
    </File>
    <File Path="$PSRCDIR/sources_1/new/enemy_3.v">
      <FileInfo>
        <Attr Name="AutoDisabled" Val="1"/>
        <Attr Name="ImportPath" Val="D:/Xilinx/finalproject_4/finalproject_4.srcs/sources_1/new/enemy_3.v"/>
        <Attr Name="ImportTime" Val="1654609131"/>
        <Attr Name="UsedIn" Val="synthesis"/>
        <Attr Name="UsedIn" Val="implementation"/>
        <Attr Name="UsedIn" Val="simulation"/>
      </FileInfo>
    </File>
    <File Path="$PSRCDIR/sources_1/new/level_3_projectile.v">
      <FileInfo>
        <Attr Name="AutoDisabled" Val="1"/>
        <Attr Name="ImportPath" Val="D:/Xilinx/finalproject_4/finalproject_4.srcs/sources_1/new/level_3_projectile.v"/>
        <Attr Name="ImportTime" Val="1655628816"/>
        <Attr Name="UsedIn" Val="synthesis"/>
        <Attr Name="UsedIn" Val="implementation"/>
        <Attr Name="UsedIn" Val="simulation"/>
      </FileInfo>
    </File>
    <File Path="$PSRCDIR/sources_1/new/number0.sv">
      <FileInfo>
        <Attr Name="AutoDisabled" Val="1"/>
        <Attr Name="ImportPath" Val="D:/Xilinx/finalproject_4/finalproject_4.srcs/sources_1/new/number0.sv"/>
        <Attr Name="ImportTime" Val="1654315025"/>
        <Attr Name="UsedIn" Val="synthesis"/>
        <Attr Name="UsedIn" Val="implementation"/>
        <Attr Name="UsedIn" Val="simulation"/>
      </FileInfo>
    </File>
    <File Path="$PSRCDIR/sources_1/new/test_card_simple.v">
      <FileInfo>
        <Attr Name="AutoDisabled" Val="1"/>
        <Attr Name="ImportPath" Val="D:/Xilinx/finalproject_4/finalproject_4.srcs/sources_1/new/test_card_simple.v"/>
        <Attr Name="ImportTime" Val="1655390430"/>
        <Attr Name="UsedIn" Val="synthesis"/>
        <Attr Name="UsedIn" Val="implementation"/>
        <Attr Name="UsedIn" Val="simulation"/>
      </FileInfo>
    </File>
    <File Path="$PSRCDIR/sources_1/new/test.v">
      <FileInfo>
        <Attr Name="AutoDisabled" Val="1"/>
        <Attr Name="ImportPath" Val="D:/Xilinx/finalproject_4/finalproject_4.srcs/sources_1/new/test.v"/>
        <Attr Name="ImportTime" Val="1655733113"/>
        <Attr Name="UsedIn" Val="synthesis"/>
        <Attr Name="UsedIn" Val="implementation"/>
        <Attr Name="UsedIn" Val="simulation"/>
      </FileInfo>
    </File>
    <Config>
      <Option Name="DesignMode" Val="RTL"/>
      <Option Name="TopModule" Val="top"/>
    </Config>
  </FileSet>
  <FileSet Name="constrs_in" Type="Constrs" RelSrcDir="$PSRCDIR/constrs_1">
    <Filter Type="Constrs"/>
    <File Path="$PSRCDIR/constrs_1/new/xdc.xdc">
      <FileInfo>
        <Attr Name="ImportPath" Val="D:/Xilinx/finalproject_4/finalproject_4.srcs/constrs_1/new/xdc.xdc"/>
        <Attr Name="ImportTime" Val="1655730929"/>
        <Attr Name="UsedIn" Val="synthesis"/>
        <Attr Name="UsedIn" Val="implementation"/>
      </FileInfo>
    </File>
    <Config>
      <Option Name="ConstrsType" Val="XDC"/>
    </Config>
  </FileSet>
  <FileSet Name="utils" Type="Utils" RelSrcDir="$PSRCDIR/utils_1">
    <Filter Type="Utils"/>
    <Config>
      <Option Name="TopAutoSet" Val="TRUE"/>
    </Config>
  </FileSet>
  <Strategy Version="1" Minor="2">
    <StratHandle Name="Vivado Synthesis Defaults" Flow="Vivado Synthesis 2020"/>
    <Step Id="synth_design"/>
  </Strategy>
  <BlockFileSet Type="BlockSrcs" Name="design_1_myPrescaler_1_0"/>
  <BlockFileSet Type="BlockSrcs" Name="design_1_xbar_1"/>
  <BlockFileSet Type="BlockSrcs" Name="design_1_axi_ahblite_bridge_0_1"/>
  <BlockFileSet Type="BlockSrcs" Name="design_1_axi_fifo_mm_s_1_0"/>
  <BlockFileSet Type="BlockSrcs" Name="design_1_proc_sys_reset_0_0"/>
  <BlockFileSet Type="BlockSrcs" Name="design_1_axi_fifo_mm_s_0_0"/>
  <BlockFileSet Type="BlockSrcs" Name="design_1_processing_system7_0_0"/>
  <BlockFileSet Type="BlockSrcs" Name="design_1_mySPIRxTx_v1_0_0_0"/>
  <BlockFileSet Type="BlockSrcs" Name="design_1_myPrescaler_0_0"/>
  <BlockFileSet Type="BlockSrcs" Name="design_1_myI2STx_v1_0_0_0"/>
</GenRun>
