<?xml version="1.0" encoding="UTF-8"?>
<GenRun Id="impl_1" LaunchPart="xc7z020clg400-1" LaunchTime="1655819559">
  <File Type="ROUTE-PWR" Name="top_power_routed.rpt"/>
  <File Type="PA-TCL" Name="top.tcl"/>
  <File Type="ROUTE-PWR-SUM" Name="top_power_summary_routed.pb"/>
  <File Type="REPORTS-TCL" Name="top_reports.tcl"/>
  <File Type="BITSTR-MSK" Name="top.msk"/>
  <File Type="ROUTE-CLK" Name="top_clock_utilization_routed.rpt"/>
  <File Type="RDI-RDI" Name="top.vdi"/>
  <File Type="BG-BIT" Name="top.bit"/>
  <File Type="BG-DRC" Name="top.drc"/>
  <File Type="BG-BGN" Name="top.bgn"/>
  <File Type="BG-BIN" Name="top.bin"/>
  <File Type="BITSTR-RBT" Name="top.rbt"/>
  <File Type="BITSTR-NKY" Name="top.nky"/>
  <File Type="BITSTR-BMM" Name="top_bd.bmm"/>
  <File Type="ROUTE-METHODOLOGY-DRC" Name="top_methodology_drc_routed.rpt"/>
  <File Type="BITSTR-MMI" Name="top.mmi"/>
  <File Type="BITSTR-SYSDEF" Name="top.sysdef"/>
  <File Type="BITSTR-LTX" Name="debug_nets.ltx"/>
  <File Type="BITSTR-LTX" Name="top.ltx"/>
  <File Type="WBT-USG" Name="usage_statistics_webtalk.html"/>
  <File Type="OPT-DRC" Name="top_drc_opted.rpt"/>
  <File Type="OPT-HWDEF" Name="top.hwdef"/>
  <File Type="PLACE-IO" Name="top_io_placed.rpt"/>
  <File Type="PLACE-UTIL" Name="top_utilization_placed.rpt"/>
  <File Type="PLACE-UTIL-PB" Name="top_utilization_placed.pb"/>
  <File Type="PLACE-CTRL" Name="top_control_sets_placed.rpt"/>
  <File Type="PLACE-PRE-SIMILARITY" Name="top_incremental_reuse_pre_placed.rpt"/>
  <File Type="ROUTE-DRC" Name="top_drc_routed.rpt"/>
  <File Type="ROUTE-DRC-PB" Name="top_drc_routed.pb"/>
  <File Type="ROUTE-PWR-RPX" Name="top_power_routed.rpx"/>
  <File Type="ROUTE-STATUS" Name="top_route_status.rpt"/>
  <File Type="ROUTE-STATUS-PB" Name="top_route_status.pb"/>
  <File Type="ROUTE-DCP" Name="top_routed.dcp"/>
  <File Type="ROUTE-ERROR-DCP" Name="top_routed_error.dcp"/>
  <File Type="ROUTE-BLACKBOX-DCP" Name="top_routed_bb.dcp"/>
  <File Type="ROUTE-TIMINGSUMMARY" Name="top_timing_summary_routed.rpt"/>
  <File Type="ROUTE-TIMING-PB" Name="top_timing_summary_routed.pb"/>
  <File Type="ROUTE-TIMING-RPX" Name="top_timing_summary_routed.rpx"/>
  <File Type="ROUTE-BUS-SKEW" Name="top_bus_skew_routed.rpt"/>
  <File Type="ROUTE-BUS-SKEW-PB" Name="top_bus_skew_routed.pb"/>
  <File Type="ROUTE-BUS-SKEW-RPX" Name="top_bus_skew_routed.rpx"/>
  <File Type="OPT-DCP" Name="top_opt.dcp"/>
  <File Type="PLACE-DCP" Name="top_placed.dcp"/>
  <File Type="PWROPT-DCP" Name="top_pwropt.dcp"/>
  <File Type="POSTPLACE-PWROPT-DCP" Name="top_postplace_pwropt.dcp"/>
  <File Type="PHYSOPT-DCP" Name="top_physopt.dcp"/>
  <File Type="POSTROUTE-PHYSOPT-DCP" Name="top_postroute_physopt.dcp"/>
  <File Type="POSTROUTE-PHYSOPT-BLACKBOX-DCP" Name="top_postroute_physopt_bb.dcp"/>
  <File Type="ROUTE-METHODOLOGY-DRC-PB" Name="top_methodology_drc_routed.pb"/>
  <File Type="ROUTE-DRC-RPX" Name="top_drc_routed.rpx"/>
  <File Type="ROUTE-METHODOLOGY-DRC-RPX" Name="top_methodology_drc_routed.rpx"/>
  <File Type="PDI-FILE" Name="top.pdi"/>
  <File Type="RCFI_FILE" Name="top.rcfi"/>
  <File Type="CFI_FILE" Name="top.cfi"/>
  <File Type="RNPI_FILE" Name="top.rnpi"/>
  <File Type="NPI_FILE" Name="top.npi"/>
  <File Type="RBD_FILE" Name="top.rbd"/>
  <FileSet Name="sources" Type="DesignSrcs" RelSrcDir="$PSRCDIR/sources_1">
    <Filter Type="Srcs"/>
    <File Path="$PSRCDIR/sources_1/new/myPrescaler.v">
      <FileInfo>
        <Attr Name="ImportPath" Val="D:/Xilinx/finalproject_4/finalproject_4.srcs/sources_1/new/myPrescaler.v"/>
        <Attr Name="ImportTime" Val="1598428888"/>
        <Attr Name="UsedIn" Val="synthesis"/>
        <Attr Name="UsedIn" Val="implementation"/>
        <Attr Name="UsedIn" Val="simulation"/>
      </FileInfo>
    </File>
    <File Path="$PSRCDIR/sources_1/new/myI2STx_v1_0.v">
      <FileInfo>
        <Attr Name="ImportPath" Val="D:/Xilinx/finalproject_4/finalproject_4.srcs/sources_1/new/myI2STx_v1_0.v"/>
        <Attr Name="ImportTime" Val="1514627388"/>
        <Attr Name="UsedIn" Val="synthesis"/>
        <Attr Name="UsedIn" Val="implementation"/>
        <Attr Name="UsedIn" Val="simulation"/>
      </FileInfo>
    </File>
    <File Path="$PSRCDIR/sources_1/new/mySPIRxTx_v1_0.v">
      <FileInfo>
        <Attr Name="ImportPath" Val="D:/Xilinx/finalproject_4/finalproject_4.srcs/sources_1/new/mySPIRxTx_v1_0.v"/>
        <Attr Name="ImportTime" Val="1514599348"/>
        <Attr Name="UsedIn" Val="synthesis"/>
        <Attr Name="UsedIn" Val="implementation"/>
        <Attr Name="UsedIn" Val="simulation"/>
      </FileInfo>
    </File>
    <File Path="$PSRCDIR/sources_1/bd/design_1/design_1.bd">
      <FileInfo>
        <Attr Name="ImportPath" Val="D:/Xilinx/finalproject_4/finalproject_4.srcs/sources_1/bd/design_1/design_1.bd"/>
        <Attr Name="ImportTime" Val="1655733124"/>
        <Attr Name="UsedIn" Val="synthesis"/>
        <Attr Name="UsedIn" Val="implementation"/>
        <Attr Name="UsedIn" Val="simulation"/>
      </FileInfo>
    </File>
    <File Path="$PSRCDIR/sources_1/new/HDMI_TOP.v">
      <FileInfo>
        <Attr Name="ImportPath" Val="D:/Xilinx/finalproject_4/finalproject_4.srcs/sources_1/new/HDMI_TOP.v"/>
        <Attr Name="ImportTime" Val="1655733360"/>
        <Attr Name="UsedIn" Val="synthesis"/>
        <Attr Name="UsedIn" Val="implementation"/>
        <Attr Name="UsedIn" Val="simulation"/>
      </FileInfo>
    </File>
    <File Path="$PSRCDIR/sources_1/new/async_reset.v">
      <FileInfo>
        <Attr Name="ImportPath" Val="D:/Xilinx/finalproject_4/finalproject_4.srcs/sources_1/new/async_reset.v"/>
        <Attr Name="ImportTime" Val="1655390488"/>
        <Attr Name="UsedIn" Val="synthesis"/>
        <Attr Name="UsedIn" Val="implementation"/>
        <Attr Name="UsedIn" Val="simulation"/>
      </FileInfo>
    </File>
    <File Path="$PSRCDIR/sources_1/bd/design_1/hdl/design_1_wrapper.v">
      <FileInfo>
        <Attr Name="ImportPath" Val="D:/Xilinx/finalproject_4/finalproject_4.srcs/sources_1/bd/design_1/hdl/design_1_wrapper.v"/>
        <Attr Name="ImportTime" Val="1655733124"/>
        <Attr Name="UsedIn" Val="synthesis"/>
        <Attr Name="UsedIn" Val="implementation"/>
        <Attr Name="UsedIn" Val="simulation"/>
      </FileInfo>
    </File>
    <File Path="$PSRCDIR/sources_1/new/display_clocks.v">
      <FileInfo>
        <Attr Name="ImportPath" Val="D:/Xilinx/finalproject_4/finalproject_4.srcs/sources_1/new/display_clocks.v"/>
        <Attr Name="ImportTime" Val="1655390410"/>
        <Attr Name="UsedIn" Val="synthesis"/>
        <Attr Name="UsedIn" Val="implementation"/>
        <Attr Name="UsedIn" Val="simulation"/>
      </FileInfo>
    </File>
    <File Path="$PSRCDIR/sources_1/new/display_timings.v">
      <FileInfo>
        <Attr Name="ImportPath" Val="D:/Xilinx/finalproject_4/finalproject_4.srcs/sources_1/new/display_timings.v"/>
        <Attr Name="ImportTime" Val="1655390414"/>
        <Attr Name="UsedIn" Val="synthesis"/>
        <Attr Name="UsedIn" Val="implementation"/>
        <Attr Name="UsedIn" Val="simulation"/>
      </FileInfo>
    </File>
    <File Path="$PSRCDIR/sources_1/new/dvi_generator.v">
      <FileInfo>
        <Attr Name="ImportPath" Val="D:/Xilinx/finalproject_4/finalproject_4.srcs/sources_1/new/dvi_generator.v"/>
        <Attr Name="ImportTime" Val="1655390461"/>
        <Attr Name="UsedIn" Val="synthesis"/>
        <Attr Name="UsedIn" Val="implementation"/>
        <Attr Name="UsedIn" Val="simulation"/>
      </FileInfo>
    </File>
    <File Path="$PSRCDIR/sources_1/new/gfx_inst.v">
      <FileInfo>
        <Attr Name="ImportPath" Val="D:/Xilinx/finalproject_4/finalproject_4.srcs/sources_1/new/gfx_inst.v"/>
        <Attr Name="ImportTime" Val="1655821141"/>
        <Attr Name="UsedIn" Val="synthesis"/>
        <Attr Name="UsedIn" Val="implementation"/>
        <Attr Name="UsedIn" Val="simulation"/>
      </FileInfo>
    </File>
    <File Path="$PSRCDIR/sources_1/new/numberdisplay.v">
      <FileInfo>
        <Attr Name="ImportPath" Val="D:/Xilinx/finalproject_4/finalproject_4.srcs/sources_1/new/numberdisplay.v"/>
        <Attr Name="ImportTime" Val="1655816869"/>
        <Attr Name="UsedIn" Val="synthesis"/>
        <Attr Name="UsedIn" Val="implementation"/>
        <Attr Name="UsedIn" Val="simulation"/>
      </FileInfo>
    </File>
    <File Path="$PSRCDIR/sources_1/new/serializer_10to1.v">
      <FileInfo>
        <Attr Name="ImportPath" Val="D:/Xilinx/finalproject_4/finalproject_4.srcs/sources_1/new/serializer_10to1.v"/>
        <Attr Name="ImportTime" Val="1655390494"/>
        <Attr Name="UsedIn" Val="synthesis"/>
        <Attr Name="UsedIn" Val="implementation"/>
        <Attr Name="UsedIn" Val="simulation"/>
      </FileInfo>
    </File>
    <File Path="$PSRCDIR/sources_1/new/tmds_encoder_dvi.v">
      <FileInfo>
        <Attr Name="ImportPath" Val="D:/Xilinx/finalproject_4/finalproject_4.srcs/sources_1/new/tmds_encoder_dvi.v"/>
        <Attr Name="ImportTime" Val="1655390476"/>
        <Attr Name="UsedIn" Val="synthesis"/>
        <Attr Name="UsedIn" Val="implementation"/>
        <Attr Name="UsedIn" Val="simulation"/>
      </FileInfo>
    </File>
    <File Path="$PSRCDIR/sources_1/new/enemy_projectile.sv">
      <FileInfo>
        <Attr Name="ImportPath" Val="D:/Xilinx/finalproject_4/finalproject_4.srcs/sources_1/new/enemy_projectile.sv"/>
        <Attr Name="ImportTime" Val="1655812524"/>
        <Attr Name="UsedIn" Val="synthesis"/>
        <Attr Name="UsedIn" Val="implementation"/>
        <Attr Name="UsedIn" Val="simulation"/>
      </FileInfo>
    </File>
    <File Path="$PSRCDIR/sources_1/new/level_3_enemy.sv">
      <FileInfo>
        <Attr Name="ImportPath" Val="D:/Xilinx/finalproject_4/finalproject_4.srcs/sources_1/new/level_3_enemy.sv"/>
        <Attr Name="ImportTime" Val="1655817518"/>
        <Attr Name="UsedIn" Val="synthesis"/>
        <Attr Name="UsedIn" Val="implementation"/>
        <Attr Name="UsedIn" Val="simulation"/>
      </FileInfo>
    </File>
    <File Path="$PSRCDIR/sources_1/new/level_3_projectile.sv">
      <FileInfo>
        <Attr Name="ImportPath" Val="D:/Xilinx/finalproject_4/finalproject_4.srcs/sources_1/new/level_3_projectile.sv"/>
        <Attr Name="ImportTime" Val="1655785087"/>
        <Attr Name="UsedIn" Val="synthesis"/>
        <Attr Name="UsedIn" Val="implementation"/>
        <Attr Name="UsedIn" Val="simulation"/>
      </FileInfo>
    </File>
    <File Path="$PSRCDIR/sources_1/new/life_word.v">
      <FileInfo SFType="SVerilog">
        <Attr Name="ImportPath" Val="D:/Xilinx/finalproject_4/finalproject_4.srcs/sources_1/new/life_word.v"/>
        <Attr Name="ImportTime" Val="1655820869"/>
        <Attr Name="UsedIn" Val="synthesis"/>
        <Attr Name="UsedIn" Val="implementation"/>
        <Attr Name="UsedIn" Val="simulation"/>
      </FileInfo>
    </File>
    <File Path="$PSRCDIR/sources_1/new/number1.sv">
      <FileInfo>
        <Attr Name="ImportPath" Val="D:/Xilinx/finalproject_4/finalproject_4.srcs/sources_1/new/number1.sv"/>
        <Attr Name="ImportTime" Val="1655631717"/>
        <Attr Name="UsedIn" Val="synthesis"/>
        <Attr Name="UsedIn" Val="implementation"/>
        <Attr Name="UsedIn" Val="simulation"/>
      </FileInfo>
    </File>
    <File Path="$PSRCDIR/sources_1/new/number2.sv">
      <FileInfo>
        <Attr Name="ImportPath" Val="D:/Xilinx/finalproject_4/finalproject_4.srcs/sources_1/new/number2.sv"/>
        <Attr Name="ImportTime" Val="1655631722"/>
        <Attr Name="UsedIn" Val="synthesis"/>
        <Attr Name="UsedIn" Val="implementation"/>
        <Attr Name="UsedIn" Val="simulation"/>
      </FileInfo>
    </File>
    <File Path="$PSRCDIR/sources_1/new/number3.sv">
      <FileInfo>
        <Attr Name="ImportPath" Val="D:/Xilinx/finalproject_4/finalproject_4.srcs/sources_1/new/number3.sv"/>
        <Attr Name="ImportTime" Val="1655631727"/>
        <Attr Name="UsedIn" Val="synthesis"/>
        <Attr Name="UsedIn" Val="implementation"/>
        <Attr Name="UsedIn" Val="simulation"/>
      </FileInfo>
    </File>
    <File Path="$PSRCDIR/sources_1/new/number4.sv">
      <FileInfo>
        <Attr Name="ImportPath" Val="D:/Xilinx/finalproject_4/finalproject_4.srcs/sources_1/new/number4.sv"/>
        <Attr Name="ImportTime" Val="1655631733"/>
        <Attr Name="UsedIn" Val="synthesis"/>
        <Attr Name="UsedIn" Val="implementation"/>
        <Attr Name="UsedIn" Val="simulation"/>
      </FileInfo>
    </File>
    <File Path="$PSRCDIR/sources_1/new/number5.sv">
      <FileInfo>
        <Attr Name="ImportPath" Val="D:/Xilinx/finalproject_4/finalproject_4.srcs/sources_1/new/number5.sv"/>
        <Attr Name="ImportTime" Val="1655631741"/>
        <Attr Name="UsedIn" Val="synthesis"/>
        <Attr Name="UsedIn" Val="implementation"/>
        <Attr Name="UsedIn" Val="simulation"/>
      </FileInfo>
    </File>
    <File Path="$PSRCDIR/sources_1/new/number6.sv">
      <FileInfo>
        <Attr Name="ImportPath" Val="D:/Xilinx/finalproject_4/finalproject_4.srcs/sources_1/new/number6.sv"/>
        <Attr Name="ImportTime" Val="1655631746"/>
        <Attr Name="UsedIn" Val="synthesis"/>
        <Attr Name="UsedIn" Val="implementation"/>
        <Attr Name="UsedIn" Val="simulation"/>
      </FileInfo>
    </File>
    <File Path="$PSRCDIR/sources_1/new/number7.sv">
      <FileInfo>
        <Attr Name="ImportPath" Val="D:/Xilinx/finalproject_4/finalproject_4.srcs/sources_1/new/number7.sv"/>
        <Attr Name="ImportTime" Val="1655631752"/>
        <Attr Name="UsedIn" Val="synthesis"/>
        <Attr Name="UsedIn" Val="implementation"/>
        <Attr Name="UsedIn" Val="simulation"/>
      </FileInfo>
    </File>
    <File Path="$PSRCDIR/sources_1/new/number8.sv">
      <FileInfo>
        <Attr Name="ImportPath" Val="D:/Xilinx/finalproject_4/finalproject_4.srcs/sources_1/new/number8.sv"/>
        <Attr Name="ImportTime" Val="1655631757"/>
        <Attr Name="UsedIn" Val="synthesis"/>
        <Attr Name="UsedIn" Val="implementation"/>
        <Attr Name="UsedIn" Val="simulation"/>
      </FileInfo>
    </File>
    <File Path="$PSRCDIR/sources_1/new/number_0.sv">
      <FileInfo>
        <Attr Name="ImportPath" Val="D:/Xilinx/finalproject_4/finalproject_4.srcs/sources_1/new/number_0.sv"/>
        <Attr Name="ImportTime" Val="1655777482"/>
        <Attr Name="UsedIn" Val="synthesis"/>
        <Attr Name="UsedIn" Val="implementation"/>
        <Attr Name="UsedIn" Val="simulation"/>
      </FileInfo>
    </File>
    <File Path="$PSRCDIR/sources_1/new/projectile.sv">
      <FileInfo>
        <Attr Name="ImportPath" Val="D:/Xilinx/finalproject_4/finalproject_4.srcs/sources_1/new/projectile.sv"/>
        <Attr Name="ImportTime" Val="1655820740"/>
        <Attr Name="UsedIn" Val="synthesis"/>
        <Attr Name="UsedIn" Val="implementation"/>
        <Attr Name="UsedIn" Val="simulation"/>
      </FileInfo>
    </File>
    <File Path="$PSRCDIR/sources_1/new/score_word.sv">
      <FileInfo>
        <Attr Name="ImportPath" Val="D:/Xilinx/finalproject_4/finalproject_4.srcs/sources_1/new/score_word.sv"/>
        <Attr Name="ImportTime" Val="1655617889"/>
        <Attr Name="UsedIn" Val="synthesis"/>
        <Attr Name="UsedIn" Val="implementation"/>
        <Attr Name="UsedIn" Val="simulation"/>
      </FileInfo>
    </File>
    <File Path="$PSRCDIR/sources_1/new/sprite_compositor.v">
      <FileInfo SFType="SVerilog">
        <Attr Name="ImportPath" Val="D:/Xilinx/finalproject_4/finalproject_4.srcs/sources_1/new/sprite_compositor.v"/>
        <Attr Name="ImportTime" Val="1655820713"/>
        <Attr Name="UsedIn" Val="synthesis"/>
        <Attr Name="UsedIn" Val="implementation"/>
        <Attr Name="UsedIn" Val="simulation"/>
      </FileInfo>
    </File>
    <File Path="$PSRCDIR/sources_1/new/sprite_compositor_2.v">
      <FileInfo SFType="SVerilog">
        <Attr Name="ImportPath" Val="D:/Xilinx/finalproject_4/finalproject_4.srcs/sources_1/new/sprite_compositor_2.v"/>
        <Attr Name="ImportTime" Val="1655820800"/>
        <Attr Name="UsedIn" Val="synthesis"/>
        <Attr Name="UsedIn" Val="implementation"/>
        <Attr Name="UsedIn" Val="simulation"/>
      </FileInfo>
    </File>
    <File Path="$PSRCDIR/sources_1/new/stageclear.sv">
      <FileInfo>
        <Attr Name="ImportPath" Val="D:/Xilinx/finalproject_4/finalproject_4.srcs/sources_1/new/stageclear.sv"/>
        <Attr Name="ImportTime" Val="1655820859"/>
        <Attr Name="UsedIn" Val="synthesis"/>
        <Attr Name="UsedIn" Val="implementation"/>
        <Attr Name="UsedIn" Val="simulation"/>
      </FileInfo>
    </File>
    <File Path="$PSRCDIR/sources_1/new/studentid.sv">
      <FileInfo>
        <Attr Name="ImportPath" Val="D:/Xilinx/finalproject_4/finalproject_4.srcs/sources_1/new/studentid.sv"/>
        <Attr Name="ImportTime" Val="1655617903"/>
        <Attr Name="UsedIn" Val="synthesis"/>
        <Attr Name="UsedIn" Val="implementation"/>
        <Attr Name="UsedIn" Val="simulation"/>
      </FileInfo>
    </File>
    <File Path="$PSRCDIR/sources_1/new/top.v">
      <FileInfo>
        <Attr Name="ImportPath" Val="D:/Xilinx/finalproject_4/finalproject_4.srcs/sources_1/new/top.v"/>
        <Attr Name="ImportTime" Val="1655731640"/>
        <Attr Name="UsedIn" Val="synthesis"/>
        <Attr Name="UsedIn" Val="implementation"/>
        <Attr Name="UsedIn" Val="simulation"/>
      </FileInfo>
    </File>
    <File Path="$PSRCDIR/sources_1/new/number9.sv">
      <FileInfo>
        <Attr Name="AutoDisabled" Val="1"/>
        <Attr Name="ImportPath" Val="D:/Xilinx/finalproject_4/finalproject_4.srcs/sources_1/new/number9.sv"/>
        <Attr Name="ImportTime" Val="1655631765"/>
        <Attr Name="UsedIn" Val="synthesis"/>
        <Attr Name="UsedIn" Val="implementation"/>
        <Attr Name="UsedIn" Val="simulation"/>
      </FileInfo>
    </File>
    <File Path="$PSRCDIR/sources_1/new/AHB_Mul.v">
      <FileInfo>
        <Attr Name="AutoDisabled" Val="1"/>
        <Attr Name="ImportPath" Val="D:/Xilinx/finalproject_4/finalproject_4.srcs/sources_1/new/AHB_Mul.v"/>
        <Attr Name="ImportTime" Val="1655733113"/>
        <Attr Name="UsedIn" Val="synthesis"/>
        <Attr Name="UsedIn" Val="implementation"/>
        <Attr Name="UsedIn" Val="simulation"/>
      </FileInfo>
    </File>
    <File Path="$PSRCDIR/sources_1/new/enemy_2.v">
      <FileInfo>
        <Attr Name="AutoDisabled" Val="1"/>
        <Attr Name="ImportPath" Val="D:/Xilinx/finalproject_4/finalproject_4.srcs/sources_1/new/enemy_2.v"/>
        <Attr Name="ImportTime" Val="1654609195"/>
        <Attr Name="UsedIn" Val="synthesis"/>
        <Attr Name="UsedIn" Val="implementation"/>
        <Attr Name="UsedIn" Val="simulation"/>
      </FileInfo>
    </File>
    <File Path="$PSRCDIR/sources_1/new/enemy_3.v">
      <FileInfo>
        <Attr Name="AutoDisabled" Val="1"/>
        <Attr Name="ImportPath" Val="D:/Xilinx/finalproject_4/finalproject_4.srcs/sources_1/new/enemy_3.v"/>
        <Attr Name="ImportTime" Val="1654609131"/>
        <Attr Name="UsedIn" Val="synthesis"/>
        <Attr Name="UsedIn" Val="implementation"/>
        <Attr Name="UsedIn" Val="simulation"/>
      </FileInfo>
    </File>
    <File Path="$PSRCDIR/sources_1/new/level_3_projectile.v">
      <FileInfo>
        <Attr Name="AutoDisabled" Val="1"/>
        <Attr Name="ImportPath" Val="D:/Xilinx/finalproject_4/finalproject_4.srcs/sources_1/new/level_3_projectile.v"/>
        <Attr Name="ImportTime" Val="1655628816"/>
        <Attr Name="UsedIn" Val="synthesis"/>
        <Attr Name="UsedIn" Val="implementation"/>
        <Attr Name="UsedIn" Val="simulation"/>
      </FileInfo>
    </File>
    <File Path="$PSRCDIR/sources_1/new/number0.sv">
      <FileInfo>
        <Attr Name="AutoDisabled" Val="1"/>
        <Attr Name="ImportPath" Val="D:/Xilinx/finalproject_4/finalproject_4.srcs/sources_1/new/number0.sv"/>
        <Attr Name="ImportTime" Val="1654315025"/>
        <Attr Name="UsedIn" Val="synthesis"/>
        <Attr Name="UsedIn" Val="implementation"/>
        <Attr Name="UsedIn" Val="simulation"/>
      </FileInfo>
    </File>
    <File Path="$PSRCDIR/sources_1/new/test_card_simple.v">
      <FileInfo>
        <Attr Name="AutoDisabled" Val="1"/>
        <Attr Name="ImportPath" Val="D:/Xilinx/finalproject_4/finalproject_4.srcs/sources_1/new/test_card_simple.v"/>
        <Attr Name="ImportTime" Val="1655390430"/>
        <Attr Name="UsedIn" Val="synthesis"/>
        <Attr Name="UsedIn" Val="implementation"/>
        <Attr Name="UsedIn" Val="simulation"/>
      </FileInfo>
    </File>
    <File Path="$PSRCDIR/sources_1/new/test.v">
      <FileInfo>
        <Attr Name="AutoDisabled" Val="1"/>
        <Attr Name="ImportPath" Val="D:/Xilinx/finalproject_4/finalproject_4.srcs/sources_1/new/test.v"/>
        <Attr Name="ImportTime" Val="1655733113"/>
        <Attr Name="UsedIn" Val="synthesis"/>
        <Attr Name="UsedIn" Val="implementation"/>
        <Attr Name="UsedIn" Val="simulation"/>
      </FileInfo>
    </File>
    <Config>
      <Option Name="DesignMode" Val="RTL"/>
      <Option Name="TopModule" Val="top"/>
    </Config>
  </FileSet>
  <FileSet Name="constrs_in" Type="Constrs" RelSrcDir="$PSRCDIR/constrs_1">
    <Filter Type="Constrs"/>
    <File Path="$PSRCDIR/constrs_1/new/xdc.xdc">
      <FileInfo>
        <Attr Name="ImportPath" Val="D:/Xilinx/finalproject_4/finalproject_4.srcs/constrs_1/new/xdc.xdc"/>
        <Attr Name="ImportTime" Val="1655730929"/>
        <Attr Name="UsedIn" Val="synthesis"/>
        <Attr Name="UsedIn" Val="implementation"/>
      </FileInfo>
    </File>
    <Config>
      <Option Name="ConstrsType" Val="XDC"/>
    </Config>
  </FileSet>
  <FileSet Name="utils" Type="Utils" RelSrcDir="$PSRCDIR/utils_1">
    <Filter Type="Utils"/>
    <Config>
      <Option Name="TopAutoSet" Val="TRUE"/>
    </Config>
  </FileSet>
  <Strategy Version="1" Minor="2">
    <StratHandle Name="Vivado Implementation Defaults" Flow="Vivado Implementation 2020"/>
    <Step Id="init_design"/>
    <Step Id="opt_design"/>
    <Step Id="power_opt_design"/>
    <Step Id="place_design"/>
    <Step Id="post_place_power_opt_design"/>
    <Step Id="phys_opt_design"/>
    <Step Id="route_design"/>
    <Step Id="post_route_phys_opt_design"/>
    <Step Id="write_bitstream"/>
    <Step Id="write_device_image"/>
  </Strategy>
  <BlockFileSet Type="BlockSrcs" Name="design_1_myPrescaler_1_0"/>
  <BlockFileSet Type="BlockSrcs" Name="design_1_xbar_1"/>
  <BlockFileSet Type="BlockSrcs" Name="design_1_axi_ahblite_bridge_0_1"/>
  <BlockFileSet Type="BlockSrcs" Name="design_1_axi_fifo_mm_s_1_0"/>
  <BlockFileSet Type="BlockSrcs" Name="design_1_proc_sys_reset_0_0"/>
  <BlockFileSet Type="BlockSrcs" Name="design_1_axi_fifo_mm_s_0_0"/>
  <BlockFileSet Type="BlockSrcs" Name="design_1_processing_system7_0_0"/>
  <BlockFileSet Type="BlockSrcs" Name="design_1_mySPIRxTx_v1_0_0_0"/>
  <BlockFileSet Type="BlockSrcs" Name="design_1_myPrescaler_0_0"/>
  <BlockFileSet Type="BlockSrcs" Name="design_1_myI2STx_v1_0_0_0"/>
</GenRun>
