{
  "version": "2020.1",
  "applications": [],
  "platforms": [
    {
      "name": "top8"
    }
  ],
  "systems": [
    {
      "name": "final_system",
      "platform": "D:/Xilinx/finalproject_4/workspace8/top8/export/top8/top8.xpfm",
      "sysConfig": "top8",
      "applications": [
        {
          "name": "final",
          "platform": "D:/Xilinx/finalproject_4/workspace8/top8/export/top8/top8.xpfm",
          "platformPath": "D:\\Xilinx\\finalproject_4\\workspace8\\top8\\export\\top8",
          "sysConfig": "top8",
          "domain": "domain_ps7_cortexa9_0",
          "system": "final_system"
        }
      ],
      "platformPath": "D:\\Xilinx\\finalproject_4\\workspace8\\top8\\export\\top8"
    }
  ],
  "others": []
}