{
  "version": "2020.1",
  "applications": [],
  "platforms": [
    {
      "name": "top9"
    }
  ],
  "systems": [
    {
      "name": "finalproject_system",
      "platform": "D:/Xilinx/finalproject_4/workspace/top9/export/top9/top9.xpfm",
      "sysConfig": "top9",
      "applications": [
        {
          "name": "finalproject",
          "platform": "D:/Xilinx/finalproject_4/workspace/top9/export/top9/top9.xpfm",
          "platformPath": "D:\\Xilinx\\finalproject_4\\workspace\\top9\\export\\top9",
          "sysConfig": "top9",
          "domain": "domain_ps7_cortexa9_0",
          "system": "finalproject_system"
        }
      ],
      "platformPath": "D:\\Xilinx\\finalproject_4\\workspace\\top9\\export\\top9"
    }
  ],
  "others": []
}